{ "height":31,
 "infinite":false,
 "layers":[
        {
         "data":[1, 2, 2, 2, 2, 2, 2, 2, 2, 2, 2, 2, 2, 3, 4, 2, 2, 2, 2, 2, 2, 2, 2, 2, 2, 2, 2, 5, 6, 7, 7, 7, 7, 7, 7, 7, 7, 7, 7, 7, 7, 8, 9, 7, 7, 7, 7, 7, 7, 7, 7, 7, 7, 7, 7, 10, 6, 7, 11, 12, 12, 13, 7, 11, 12, 12, 12, 13, 7, 8, 9, 7, 11, 12, 12, 12, 13, 7, 11, 12, 12, 13, 7, 10, 6, 35, 8, 14, 14, 9, 7, 8, 14, 14, 14, 9, 7, 8, 9, 7, 8, 14, 14, 14, 9, 7, 8, 14, 14, 9, 35, 10, 6, 7, 15, 16, 16, 17, 7, 15, 16, 16, 16, 17, 7, 15, 17, 7, 15, 16, 16, 16, 17, 7, 15, 16, 16, 17, 7, 10, 6, 7, 7, 7, 7, 7, 7, 7, 7, 7, 7, 7, 7, 7, 7, 7, 7, 7, 7, 7, 7, 7, 7, 7, 7, 7, 7, 10, 6, 7, 11, 12, 12, 13, 7, 11, 13, 7, 11, 12, 12, 12, 12, 12, 12, 13, 7, 11, 13, 7, 11, 12, 12, 13, 7, 10, 6, 7, 15, 16, 16, 17, 7, 8, 9, 7, 15, 16, 16, 18, 19, 16, 16, 17, 7, 8, 9, 7, 15, 16, 16, 17, 7, 10, 6, 7, 7, 7, 7, 7, 7, 8, 9, 7, 7, 7, 7, 8, 9, 7, 7, 7, 7, 8, 9, 7, 7, 7, 7, 7, 7, 10, 20, 21, 21, 21, 21, 13, 7, 8, 22, 12, 12, 13, 7, 8, 9, 7, 11, 12, 12, 23, 9, 7, 11, 21, 21, 21, 21, 24, 14, 14, 14, 14, 14, 6, 7, 8, 19, 16, 16, 17, 14, 15, 17, 14, 15, 16, 16, 18, 9, 7, 10, 14, 14, 14, 14, 14, 14, 14, 14, 14, 14, 6, 7, 8, 9, 14, 14, 14, 14, 14, 14, 14, 14, 14, 14, 8, 9, 7, 10, 14, 14, 14, 14, 14, 14, 14, 14, 14, 14, 6, 7, 8, 9, 14, 25, 21, 26, 36, 36, 27, 21, 28, 14, 8, 9, 7, 10, 14, 14, 14, 14, 14, 1, 2, 2, 2, 2, 17, 7, 15, 17, 14, 10, 37, 37, 14, 14, 37, 37, 6, 14, 15, 17, 7, 15, 2, 2, 2, 2, 5, 6, 7, 7, 7, 7, 7, 7, 7, 14, 14, 10, 37, 37, 14, 14, 37, 37, 6, 14, 14, 7, 7, 7, 7, 7, 7, 7, 10, 20, 21, 21, 21, 21, 13, 7, 11, 13, 14, 10, 37, 37, 37, 37, 37, 37, 6, 14, 11, 13, 7, 11, 21, 21, 21, 21, 24, 14, 14, 14, 14, 14, 6, 7, 8, 9, 14, 29, 2, 2, 2, 2, 2, 2, 30, 14, 8, 9, 7, 10, 14, 14, 14, 14, 14, 14, 14, 14, 14, 14, 6, 7, 8, 9, 14, 14, 14, 14, 14, 14, 14, 14, 14, 14, 8, 9, 7, 10, 14, 14, 14, 14, 14, 14, 14, 14, 14, 14, 6, 7, 8, 9, 14, 11, 12, 12, 12, 12, 12, 12, 13, 14, 8, 9, 7, 10, 14, 14, 14, 14, 14, 1, 2, 2, 2, 2, 17, 7, 15, 17, 7, 15, 16, 16, 18, 19, 16, 16, 17, 7, 15, 17, 7, 15, 2, 2, 2, 2, 5, 6, 7, 7, 7, 7, 7, 7, 7, 7, 7, 7, 7, 7, 8, 9, 7, 7, 7, 7, 7, 7, 7, 7, 7, 7, 7, 7, 10, 6, 7, 11, 12, 12, 13, 7, 11, 12, 12, 12, 13, 7, 8, 9, 7, 11, 12, 12, 12, 13, 7, 11, 12, 12, 13, 7, 10, 6, 7, 15, 16, 18, 9, 7, 15, 16, 16, 16, 17, 7, 15, 17, 7, 15, 16, 16, 16, 17, 7, 8, 19, 16, 17, 7, 10, 6, 35, 7, 7, 8, 9, 7, 7, 7, 7, 7, 7, 7, 7, 7, 7, 7, 7, 7, 7, 7, 7, 8, 9, 7, 7, 35, 10, 31, 12, 13, 7, 8, 9, 7, 11, 13, 7, 11, 12, 12, 12, 12, 12, 12, 13, 7, 11, 13, 7, 8, 9, 7, 11, 12, 32, 33, 16, 17, 7, 15, 17, 7, 8, 9, 7, 15, 16, 16, 18, 19, 16, 16, 17, 7, 8, 9, 7, 15, 17, 7, 15, 16, 34, 6, 7, 7, 7, 7, 7, 7, 8, 9, 7, 7, 7, 7, 8, 9, 7, 7, 7, 7, 8, 9, 7, 7, 7, 7, 7, 7, 10, 6, 7, 11, 12, 12, 12, 12, 23, 22, 12, 12, 13, 7, 8, 9, 7, 11, 12, 12, 23, 22, 12, 12, 12, 12, 13, 7, 10, 6, 7, 15, 16, 16, 16, 16, 16, 16, 16, 16, 17, 7, 15, 17, 7, 15, 16, 16, 16, 16, 16, 16, 16, 16, 17, 7, 10, 6, 7, 7, 7, 7, 7, 7, 7, 7, 7, 7, 7, 7, 7, 7, 7, 7, 7, 7, 7, 7, 7, 7, 7, 7, 7, 7, 10, 20, 21, 21, 21, 21, 21, 21, 21, 21, 21, 21, 21, 21, 21, 21, 21, 21, 21, 21, 21, 21, 21, 21, 21, 21, 21, 21, 24],
         "height":31,
         "id":8,
         "name":"maze",
         "opacity":1,
         "type":"tilelayer",
         "visible":true,
         "width":28,
         "x":0,
         "y":0
        }],
 "nextlayerid":9,
 "nextobjectid":1,
 "orientation":"orthogonal",
 "renderorder":"right-down",
 "tiledversion":"1.2.5",
 "tileheight":16,
 "tilesets":[
        {
         "columns":16,
         "firstgid":1,
         "image":"pacman-tiles.png",
         "imageheight":48,
         "imagewidth":256,
         "margin":0,
         "name":"pacman-tiles",
         "spacing":0,
         "tilecount":48,
         "tileheight":16,
         "tilewidth":16
        }],
 "tilewidth":16,
 "type":"map",
 "version":1.2,
 "width":28
}